,area_A,perimeter_P,compactness_C,length_of_kernel,width_of_kernel,asymmetry_coefficient,length_of_kernel_groove,class
area_A,1.0,0.9943409310122264,0.6082884150842114,0.735394527083805,0.9707706038413971,-0.22957233282919834,0.863692746169169,-0.3460578672033178
perimeter_P,0.9943409310122264,1.0,0.5292436074014768,0.7574862418178196,0.9448293610806839,-0.21734037184148913,0.8907839014724971,-0.32789969778257994
compactness_C,0.6082884150842114,0.5292436074014768,1.0,0.23945822039206002,0.7616345179610106,-0.33147087465557445,0.2268248211640856,-0.5310070238941169
length_of_kernel,0.735394527083805,0.7574862418178196,0.23945822039206002,1.0,0.6573430376167421,-0.09542100793185561,0.7374559432600514,-0.15185880145370204
width_of_kernel,0.9707706038413971,0.9448293610806839,0.7616345179610106,0.6573430376167421,1.0,-0.25803654741475907,0.7491314683026052,-0.42346287167212604
asymmetry_coefficient,-0.22957233282919834,-0.21734037184148913,-0.33147087465557445,-0.09542100793185561,-0.25803654741475907,1.0,-0.011079019716398904,0.5772727110447098
length_of_kernel_groove,0.863692746169169,0.8907839014724971,0.2268248211640856,0.7374559432600514,0.7491314683026052,-0.011079019716398904,1.0,0.024301043067279423
class,-0.3460578672033178,-0.32789969778257994,-0.5310070238941169,-0.15185880145370204,-0.42346287167212604,0.5772727110447098,0.024301043067279423,1.0
